ID, Loan Amount ,Term,Interest Rate, Installment ,Home Owner, Amount ,Verification Status,Issue Date,Loan Status,Purpose,Total Payment
1," ? 8,000 ",36 months,11.50%, ? 264 ,RENT," ? 7,850 ",Source Verified,2015-06-28,Fully Paid,debt_consolidation," ? 9,111 "
2," ? 15,500 ",36 months,6.53%, ? 475 ,RENT," ? 15,600 ",Verified,2016-07-23,Current,debt_consolidation," ? 9,983 "
3," ? 28,000 ",36 months,9.11%, ? 892 ,OWN," ? 28,050 ",Verified,2017-02-17,Fully Paid,medical," ? 32,439 "
4," ? 3,500 ",60 months,16.72%, ? 86 ,OTHER," ? 3,600 ",Verified,2016-08-23,Current,home_improvement," ? 3,201 "
5," ? 13,000 ",60 months,6.92%, ? 257 ,RENT," ? 13,000 ",Not Verified,2016-04-21,Current,debt_consolidation," ? 5,735 "
6," ? 24,000 ",36 months,13.11%, ? 810 ,MORTGAGE," ? 23,850 ",Source Verified,2015-12-17,Fully Paid,debt_consolidation," ? 29,047 "
7," ? 18,000 ",60 months,18.80%, ? 465 ,MORTGAGE," ? 18,050 ",Not Verified,2015-04-25,Fully Paid,debt_consolidation," ? 27,382 "
8," ? 18,000 ",36 months,24.26%, ? 709 ,MORTGAGE," ? 18,050 ",Verified,2017-10-19,Fully Paid,other," ? 25,406 "
9," ? 17,500 ",36 months,20.90%, ? 658 ,MORTGAGE," ? 17,600 ",Not Verified,2017-03-28,Fully Paid,other," ? 22,846 "
10," ? 32,500 ",36 months,6.94%," ? 1,003 ",RENT," ? 32,400 ",Not Verified,2017-05-14,Fully Paid,debt_consolidation," ? 36,440 "
11," ? 30,500 ",36 months,25.42%," ? 1,219 ",MORTGAGE," ? 30,300 ",Not Verified,2015-08-23,Charged Off,credit_card," ? 13,466 "
12," ? 22,500 ",36 months,14.70%, ? 777 ,MORTGAGE," ? 22,500 ",Not Verified,2016-01-01,Fully Paid,debt_consolidation," ? 28,310 "
13," ? 33,000 ",36 months,9.06%," ? 1,050 ",MORTGAGE," ? 32,800 ",Source Verified,2017-09-27,Fully Paid,other," ? 39,243 "
14," ? 20,500 ",36 months,10.82%, ? 669 ,MORTGAGE," ? 20,350 ",Verified,2017-09-22,Current,other," ? 10,112 "
15," ? 9,000 ",36 months,15.51%, ? 314 ,MORTGAGE," ? 9,000 ",Source Verified,2017-05-16,Current,other," ? 6,258 "
16," ? 13,500 ",60 months,13.98%, ? 314 ,MORTGAGE," ? 13,550 ",Source Verified,2017-11-25,Fully Paid,debt_consolidation," ? 18,017 "
17," ? 2,000 ",36 months,10.60%, ? 65 ,RENT," ? 1,850 ",Not Verified,2015-05-01,Fully Paid,other," ? 2,428 "
18," ? 5,500 ",36 months,11.57%, ? 182 ,MORTGAGE," ? 5,400 ",Not Verified,2017-08-26,Fully Paid,credit_card," ? 6,475 "
19," ? 7,000 ",36 months,14.62%, ? 241 ,RENT," ? 7,150 ",Not Verified,2015-04-21,Charged Off,other," ? 2,080 "
20," ? 26,500 ",60 months,22.01%, ? 732 ,RENT," ? 26,450 ",Verified,2017-07-07,Fully Paid,debt_consolidation," ? 43,759 "
21," ? 5,500 ",36 months,23.23%, ? 214 ,MORTGAGE," ? 5,300 ",Source Verified,2015-01-31,Current,other," ? 4,684 "
22," ? 11,500 ",36 months,15.63%, ? 402 ,MORTGAGE," ? 11,300 ",Verified,2015-01-05,Current,debt_consolidation," ? 8,260 "
23," ? 30,000 ",36 months,19.93%," ? 1,114 ",MORTGAGE," ? 30,150 ",Verified,2016-08-30,Fully Paid,debt_consolidation," ? 41,044 "
24," ? 4,500 ",60 months,7.14%, ? 89 ,MORTGAGE," ? 4,400 ",Verified,2017-11-06,Fully Paid,debt_consolidation," ? 5,415 "
25," ? 16,000 ",36 months,24.83%, ? 635 ,MORTGAGE," ? 15,800 ",Source Verified,2017-05-08,Charged Off,credit_card," ? 7,462 "
26," ? 17,500 ",36 months,20.32%, ? 653 ,RENT," ? 17,600 ",Verified,2016-09-06,Fully Paid,other," ? 24,541 "
27," ? 1,500 ",36 months,25.97%, ? 60 ,OTHER," ? 1,350 ",Source Verified,2017-11-02,Fully Paid,other," ? 2,258 "
28," ? 16,500 ",36 months,9.15%, ? 526 ,MORTGAGE," ? 16,500 ",Source Verified,2017-12-19,Fully Paid,car," ? 18,551 "
29," ? 7,500 ",60 months,8.69%, ? 155 ,RENT," ? 7,350 ",Not Verified,2015-11-15,Fully Paid,home_improvement," ? 9,475 "
30," ? 14,000 ",36 months,23.06%, ? 542 ,MORTGAGE," ? 14,000 ",Not Verified,2015-04-15,Fully Paid,debt_consolidation," ? 19,089 "
31," ? 1,000 ",36 months,8.62%, ? 32 ,OTHER, ? 900 ,Not Verified,2017-05-25,Fully Paid,debt_consolidation," ? 1,189 "
32," ? 10,500 ",36 months,22.69%, ? 405 ,MORTGAGE," ? 10,400 ",Source Verified,2015-03-27,Fully Paid,moving," ? 15,003 "
33," ? 3,500 ",60 months,10.20%, ? 75 ,RENT," ? 3,350 ",Source Verified,2017-04-12,Current,small_business," ? 2,938 "
34," ? 16,000 ",60 months,25.52%, ? 475 ,MORTGAGE," ? 16,100 ",Verified,2016-11-11,Current,debt_consolidation," ? 14,291 "
35," ? 16,500 ",36 months,21.75%, ? 628 ,RENT," ? 16,300 ",Not Verified,2016-03-31,Fully Paid,other," ? 22,268 "
36," ? 15,500 ",36 months,19.20%, ? 570 ,RENT," ? 15,500 ",Not Verified,2016-07-25,Fully Paid,credit_card," ? 20,879 "
37," ? 22,000 ",60 months,8.31%, ? 449 ,OTHER," ? 21,900 ",Source Verified,2016-06-27,Fully Paid,credit_card," ? 26,545 "
38," ? 21,000 ",36 months,25.68%, ? 843 ,RENT," ? 20,950 ",Verified,2017-06-12,Fully Paid,other," ? 30,448 "
39," ? 13,500 ",36 months,7.40%, ? 419 ,MORTGAGE," ? 13,550 ",Source Verified,2015-09-13,Charged Off,debt_consolidation," ? 4,887 "
40," ? 27,000 ",36 months,19.94%," ? 1,003 ",MORTGAGE," ? 26,950 ",Source Verified,2017-02-15,Charged Off,other," ? 16,105 "
41," ? 20,000 ",36 months,22.67%, ? 771 ,RENT," ? 19,950 ",Source Verified,2016-10-21,Fully Paid,debt_consolidation," ? 26,953 "
42," ? 31,000 ",60 months,25.20%, ? 914 ,MORTGAGE," ? 30,850 ",Verified,2016-11-17,Fully Paid,other," ? 53,359 "
43," ? 20,500 ",36 months,9.98%, ? 661 ,RENT," ? 20,450 ",Not Verified,2015-05-30,Fully Paid,moving," ? 23,986 "
44," ? 25,500 ",36 months,10.88%, ? 833 ,MORTGAGE," ? 25,300 ",Not Verified,2015-08-07,Current,debt_consolidation," ? 17,475 "
45," ? 34,000 ",36 months,17.15%," ? 1,215 ",OWN," ? 33,850 ",Source Verified,2017-08-09,Charged Off,other," ? 19,162 "
46," ? 29,000 ",36 months,20.39%," ? 1,084 ",MORTGAGE," ? 29,150 ",Not Verified,2017-08-30,Fully Paid,small_business," ? 40,332 "
47," ? 18,500 ",60 months,16.43%, ? 454 ,MORTGAGE," ? 18,500 ",Source Verified,2016-08-08,Fully Paid,debt_consolidation," ? 28,318 "
48," ? 6,000 ",36 months,10.63%, ? 195 ,MORTGAGE," ? 5,950 ",Verified,2017-04-14,Fully Paid,debt_consolidation," ? 6,726 "
49," ? 27,500 ",36 months,21.40%," ? 1,042 ",OWN," ? 27,300 ",Not Verified,2017-02-18,Fully Paid,other," ? 36,747 "
50," ? 25,500 ",60 months,25.07%, ? 750 ,RENT," ? 25,450 ",Source Verified,2016-07-12,Fully Paid,debt_consolidation," ? 44,234 "
51," ? 26,500 ",60 months,22.81%, ? 744 ,OWN," ? 26,300 ",Not Verified,2015-02-25,Fully Paid,debt_consolidation," ? 46,288 "
52," ? 12,500 ",36 months,13.58%, ? 425 ,RENT," ? 12,550 ",Verified,2017-02-15,Fully Paid,other," ? 15,168 "
53," ? 6,000 ",36 months,20.98%, ? 226 ,RENT," ? 6,050 ",Verified,2015-05-21,Current,home_improvement," ? 4,495 "
54," ? 16,500 ",36 months,6.41%, ? 505 ,RENT," ? 16,400 ",Source Verified,2015-08-23,Fully Paid,debt_consolidation," ? 18,544 "
55," ? 24,500 ",36 months,18.14%, ? 887 ,MORTGAGE," ? 24,350 ",Not Verified,2015-12-02,Current,debt_consolidation," ? 3,687 "
56," ? 20,500 ",36 months,24.16%, ? 806 ,RENT," ? 20,450 ",Verified,2016-05-12,Fully Paid,small_business," ? 30,032 "
57," ? 8,500 ",60 months,17.32%, ? 213 ,RENT," ? 8,600 ",Source Verified,2015-05-22,Fully Paid,debt_consolidation," ? 13,209 "
58," ? 32,000 ",36 months,25.22%," ? 1,276 ",MORTGAGE," ? 32,150 ",Not Verified,2017-06-10,Fully Paid,credit_card," ? 46,629 "
59," ? 31,500 ",36 months,22.51%," ? 1,211 ",MORTGAGE," ? 31,550 ",Not Verified,2015-06-27,Fully Paid,debt_consolidation," ? 44,700 "
60," ? 25,000 ",36 months,15.89%, ? 878 ,RENT," ? 25,150 ",Verified,2016-06-13,Fully Paid,moving," ? 32,228 "
61," ? 18,500 ",36 months,16.33%, ? 653 ,RENT," ? 18,450 ",Not Verified,2017-09-27,Fully Paid,debt_consolidation," ? 23,467 "
62," ? 32,000 ",36 months,6.34%, ? 978 ,RENT," ? 32,100 ",Not Verified,2016-09-19,Charged Off,debt_consolidation," ? 14,843 "
63," ? 23,000 ",36 months,20.92%, ? 866 ,RENT," ? 23,150 ",Verified,2016-05-29,Fully Paid,major_purchase," ? 30,586 "
64," ? 12,500 ",36 months,20.77%, ? 469 ,RENT," ? 12,500 ",Not Verified,2016-02-02,Fully Paid,debt_consolidation," ? 16,566 "
65," ? 9,000 ",36 months,25.49%, ? 360 ,MORTGAGE," ? 8,900 ",Source Verified,2017-10-02,Fully Paid,debt_consolidation," ? 12,686 "
66," ? 31,500 ",36 months,9.69%," ? 1,012 ",RENT," ? 31,650 ",Verified,2015-05-14,Fully Paid,debt_consolidation," ? 36,898 "
67," ? 4,000 ",36 months,22.22%, ? 153 ,OWN," ? 3,850 ",Not Verified,2015-08-31,Fully Paid,debt_consolidation," ? 5,569 "
68," ? 15,000 ",60 months,13.61%, ? 346 ,OWN," ? 15,000 ",Not Verified,2017-05-28,Fully Paid,home_improvement," ? 20,988 "
69," ? 7,000 ",60 months,10.16%, ? 149 ,RENT," ? 6,850 ",Verified,2015-12-22,Fully Paid,debt_consolidation," ? 8,875 "
70," ? 31,000 ",36 months,10.63%," ? 1,009 ",MORTGAGE," ? 31,150 ",Verified,2016-04-23,Current,small_business," ? 17,263 "
71," ? 13,500 ",36 months,16.89%, ? 481 ,MORTGAGE," ? 13,500 ",Not Verified,2015-05-27,Fully Paid,car," ? 17,465 "
72," ? 19,000 ",36 months,15.37%, ? 662 ,RENT," ? 19,100 ",Not Verified,2017-10-21,Fully Paid,debt_consolidation," ? 24,069 "
73," ? 28,500 ",60 months,18.07%, ? 725 ,RENT," ? 28,450 ",Not Verified,2015-02-12,Current,home_improvement," ? 11,381 "
74," ? 3,500 ",60 months,9.50%, ? 74 ,MORTGAGE," ? 3,650 ",Not Verified,2016-01-07,Current,debt_consolidation," ? 2,596 "
75," ? 6,500 ",36 months,14.17%, ? 223 ,RENT," ? 6,350 ",Not Verified,2016-11-06,Fully Paid,credit_card," ? 8,147 "
76," ? 26,500 ",60 months,17.00%, ? 659 ,MORTGAGE," ? 26,550 ",Verified,2015-08-26,Current,debt_consolidation," ? 16,152 "
77," ? 1,000 ",36 months,16.85%, ? 36 ,RENT, ? 950 ,Source Verified,2017-10-17,Charged Off,small_business, ? 360 
78," ? 9,000 ",60 months,14.76%, ? 213 ,MORTGAGE," ? 8,850 ",Verified,2016-05-05,Charged Off,debt_consolidation," ? 2,626 "
79," ? 27,000 ",36 months,25.85%," ? 1,086 ",OWN," ? 27,150 ",Not Verified,2015-11-12,Fully Paid,major_purchase," ? 39,120 "
80," ? 18,000 ",36 months,15.65%, ? 630 ,MORTGAGE," ? 18,150 ",Source Verified,2017-02-24,Fully Paid,credit_card," ? 23,228 "
81," ? 9,500 ",60 months,11.52%, ? 209 ,MORTGAGE," ? 9,600 ",Verified,2017-11-05,Fully Paid,debt_consolidation," ? 12,825 "
82," ? 32,000 ",60 months,14.93%, ? 760 ,MORTGAGE," ? 32,050 ",Source Verified,2017-02-11,Fully Paid,debt_consolidation," ? 44,186 "
83," ? 16,000 ",36 months,10.67%, ? 521 ,MORTGAGE," ? 15,800 ",Verified,2017-08-26,Charged Off,car," ? 6,652 "
84," ? 10,500 ",36 months,6.74%, ? 323 ,MORTGAGE," ? 10,550 ",Not Verified,2017-06-20,Fully Paid,other," ? 11,063 "
85," ? 10,000 ",36 months,19.10%, ? 367 ,RENT," ? 10,150 ",Not Verified,2016-06-26,Fully Paid,major_purchase," ? 13,413 "
86," ? 22,000 ",60 months,23.19%, ? 623 ,RENT," ? 22,050 ",Source Verified,2017-09-26,Current,debt_consolidation," ? 5,269 "
87," ? 19,000 ",60 months,20.94%, ? 513 ,RENT," ? 18,850 ",Not Verified,2015-07-25,Fully Paid,major_purchase," ? 32,045 "
88," ? 3,500 ",36 months,7.12%, ? 108 ,RENT," ? 3,600 ",Verified,2017-12-23,Fully Paid,major_purchase," ? 3,773 "
89," ? 12,000 ",36 months,23.42%, ? 467 ,MORTGAGE," ? 11,950 ",Source Verified,2015-10-21,Fully Paid,home_improvement," ? 16,749 "
90," ? 1,500 ",60 months,15.31%, ? 36 ,RENT," ? 1,400 ",Verified,2016-12-08,Current,debt_consolidation," ? 1,460 "
91," ? 17,000 ",36 months,12.04%, ? 565 ,OTHER," ? 17,150 ",Verified,2017-02-20,Fully Paid,credit_card," ? 21,341 "
92," ? 19,500 ",36 months,22.60%, ? 751 ,RENT," ? 19,300 ",Source Verified,2015-04-11,Current,small_business," ? 16,209 "
93," ? 19,000 ",60 months,10.60%, ? 409 ,MORTGAGE," ? 18,950 ",Source Verified,2016-05-28,Charged Off,major_purchase," ? 11,388 "
94," ? 9,500 ",36 months,24.07%, ? 373 ,MORTGAGE," ? 9,500 ",Not Verified,2015-03-10,Fully Paid,major_purchase," ? 12,880 "
95," ? 19,500 ",36 months,14.31%, ? 669 ,RENT," ? 19,550 ",Source Verified,2016-07-12,Current,debt_consolidation," ? 14,334 "
96," ? 31,500 ",60 months,11.90%, ? 699 ,OWN," ? 31,350 ",Source Verified,2015-06-04,Fully Paid,other," ? 43,457 "
97," ? 26,000 ",60 months,22.09%, ? 719 ,RENT," ? 26,100 ",Verified,2015-09-11,Fully Paid,home_improvement," ? 43,909 "
98," ? 25,000 ",60 months,24.81%, ? 731 ,RENT," ? 24,950 ",Source Verified,2016-11-02,Current,debt_consolidation," ? 6,050 "
99," ? 30,500 ",60 months,12.04%, ? 679 ,RENT," ? 30,400 ",Verified,2015-03-18,Fully Paid,credit_card," ? 39,103 "
100," ? 9,500 ",36 months,13.42%, ? 322 ,OWN," ? 9,600 ",Source Verified,2015-11-13,Current,home_improvement," ? 6,958 "
101," ? 27,000 ",60 months,11.59%, ? 595 ,MORTGAGE," ? 26,950 ",Source Verified,2016-04-28,Current,debt_consolidation," ? 18,258 "
102," ? 23,500 ",36 months,11.52%, ? 775 ,OWN," ? 23,650 ",Verified,2016-03-10,Charged Off,credit_card," ? 5,820 "
103," ? 22,000 ",36 months,8.52%, ? 695 ,MORTGAGE," ? 21,850 ",Not Verified,2016-02-29,Fully Paid,car," ? 24,341 "
104," ? 10,000 ",60 months,17.92%, ? 254 ,RENT," ? 9,900 ",Not Verified,2016-05-28,Current,debt_consolidation," ? 9,428 "
105," ? 9,000 ",36 months,21.80%, ? 343 ,RENT," ? 9,050 ",Verified,2016-06-27,Fully Paid,small_business," ? 12,372 "
106," ? 5,000 ",36 months,21.56%, ? 190 ,MORTGAGE," ? 4,850 ",Source Verified,2016-03-29,Current,debt_consolidation," ? 3,895 "
107," ? 34,000 ",36 months,18.87%," ? 1,244 ",RENT," ? 34,150 ",Not Verified,2017-05-23,Charged Off,credit_card," ? 25,254 "
108," ? 5,500 ",60 months,12.44%, ? 124 ,RENT," ? 5,400 ",Verified,2016-10-27,Fully Paid,credit_card," ? 7,262 "
109," ? 33,000 ",36 months,7.98%," ? 1,034 ",MORTGAGE," ? 32,950 ",Source Verified,2016-04-12,Fully Paid,car," ? 36,840 "
110," ? 7,000 ",36 months,12.25%, ? 233 ,RENT," ? 6,900 ",Not Verified,2017-08-29,Fully Paid,medical," ? 8,059 "
111," ? 7,000 ",60 months,13.45%, ? 161 ,RENT," ? 6,800 ",Source Verified,2016-11-06,Charged Off,debt_consolidation," ? 5,304 "
112," ? 28,000 ",60 months,20.42%, ? 748 ,OWN," ? 28,000 ",Source Verified,2017-11-05,Fully Paid,home_improvement," ? 43,665 "
113," ? 7,500 ",36 months,17.13%, ? 268 ,RENT," ? 7,500 ",Source Verified,2017-05-28,Current,other," ? 5,700 "
114," ? 2,500 ",36 months,19.16%, ? 92 ,MORTGAGE," ? 2,300 ",Verified,2016-09-24,Current,debt_consolidation, ? 690 
115," ? 10,000 ",36 months,14.02%, ? 342 ,RENT," ? 9,800 ",Verified,2017-12-22,Fully Paid,debt_consolidation," ? 12,112 "
116," ? 24,500 ",36 months,12.49%, ? 820 ,OWN," ? 24,350 ",Not Verified,2015-11-15,Fully Paid,home_improvement," ? 30,015 "
117," ? 18,000 ",36 months,14.48%, ? 619 ,MORTGAGE," ? 18,100 ",Verified,2017-11-15,Fully Paid,debt_consolidation," ? 21,815 "
118," ? 32,000 ",36 months,12.17%," ? 1,065 ",RENT," ? 31,800 ",Verified,2016-09-09,Current,small_business," ? 21,422 "
119," ? 19,500 ",36 months,6.15%, ? 595 ,MORTGAGE," ? 19,400 ",Verified,2017-12-26,Charged Off,credit_card," ? 11,416 "
120," ? 23,500 ",36 months,23.24%, ? 913 ,RENT," ? 23,300 ",Source Verified,2015-06-09,Current,credit_card," ? 14,589 "
121," ? 27,500 ",36 months,14.10%, ? 941 ,OWN," ? 27,400 ",Not Verified,2017-07-31,Current,other," ? 5,180 "
122," ? 7,500 ",36 months,17.78%, ? 270 ,MORTGAGE," ? 7,600 ",Not Verified,2016-11-26,Fully Paid,small_business," ? 9,319 "
123," ? 8,000 ",36 months,9.88%, ? 258 ,MORTGAGE," ? 8,050 ",Not Verified,2015-10-30,Fully Paid,debt_consolidation," ? 8,996 "
124," ? 10,500 ",60 months,19.11%, ? 273 ,RENT," ? 10,650 ",Source Verified,2017-07-08,Charged Off,moving," ? 7,489 "
125," ? 21,500 ",60 months,18.54%, ? 552 ,RENT," ? 21,350 ",Source Verified,2016-09-12,Current,credit_card," ? 10,311 "
126," ? 5,500 ",36 months,15.04%, ? 191 ,RENT," ? 5,500 ",Verified,2015-07-04,Charged Off,credit_card," ? 2,645 "
127," ? 3,500 ",36 months,22.20%, ? 134 ,MORTGAGE," ? 3,550 ",Source Verified,2017-10-23,Fully Paid,debt_consolidation," ? 4,634 "
128," ? 22,500 ",60 months,7.69%, ? 453 ,MORTGAGE," ? 22,300 ",Verified,2017-06-15,Current,credit_card," ? 12,660 "
129," ? 24,000 ",36 months,11.66%, ? 793 ,RENT," ? 24,050 ",Source Verified,2015-04-18,Current,home_improvement," ? 3,985 "
130," ? 7,000 ",36 months,13.73%, ? 238 ,RENT," ? 6,900 ",Verified,2015-10-17,Current,debt_consolidation," ? 4,235 "
131," ? 26,000 ",36 months,20.18%, ? 969 ,RENT," ? 26,100 ",Source Verified,2016-11-03,Current,home_improvement," ? 20,831 "
132," ? 34,500 ",36 months,19.41%," ? 1,272 ",MORTGAGE," ? 34,300 ",Source Verified,2016-01-05,Current,debt_consolidation," ? 25,625 "
133," ? 13,000 ",36 months,8.75%, ? 412 ,RENT," ? 12,850 ",Source Verified,2017-12-14,Fully Paid,debt_consolidation," ? 15,223 "
134," ? 9,000 ",36 months,9.09%, ? 287 ,RENT," ? 8,900 ",Not Verified,2015-03-31,Fully Paid,home_improvement," ? 10,046 "
135," ? 29,000 ",36 months,21.05%," ? 1,093 ",MORTGAGE," ? 28,950 ",Source Verified,2016-09-25,Current,small_business," ? 25,284 "
136," ? 13,000 ",36 months,24.94%, ? 516 ,OTHER," ? 13,150 ",Not Verified,2017-02-21,Fully Paid,debt_consolidation," ? 17,965 "
137," ? 13,500 ",60 months,8.77%, ? 279 ,RENT," ? 13,650 ",Not Verified,2015-07-30,Charged Off,credit_card," ? 4,179 "
138," ? 6,000 ",60 months,11.46%, ? 132 ,OWN," ? 5,900 ",Not Verified,2015-07-07,Current,debt_consolidation," ? 2,932 "
139," ? 23,000 ",60 months,14.30%, ? 539 ,RENT," ? 23,050 ",Verified,2015-06-17,Fully Paid,debt_consolidation," ? 33,718 "
140," ? 22,000 ",60 months,8.75%, ? 454 ,RENT," ? 22,150 ",Not Verified,2015-10-12,Current,debt_consolidation," ? 12,782 "
141," ? 6,000 ",36 months,10.31%, ? 194 ,RENT," ? 6,100 ",Verified,2016-08-13,Fully Paid,debt_consolidation," ? 6,818 "
142," ? 30,000 ",36 months,22.73%," ? 1,157 ",MORTGAGE," ? 29,800 ",Source Verified,2016-05-10,Charged Off,debt_consolidation," ? 8,357 "
143," ? 23,500 ",36 months,14.33%, ? 807 ,MORTGAGE," ? 23,350 ",Source Verified,2017-01-08,Fully Paid,credit_card," ? 29,071 "
144," ? 33,000 ",36 months,13.81%," ? 1,125 ",MORTGAGE," ? 33,100 ",Not Verified,2016-06-03,Charged Off,debt_consolidation," ? 9,193 "
145," ? 16,000 ",60 months,18.57%, ? 411 ,MORTGAGE," ? 16,050 ",Verified,2016-12-22,Fully Paid,car," ? 23,874 "
146," ? 30,500 ",60 months,15.57%, ? 735 ,RENT," ? 30,400 ",Verified,2017-07-26,Fully Paid,debt_consolidation," ? 45,368 "
147," ? 3,500 ",36 months,12.20%, ? 117 ,RENT," ? 3,650 ",Verified,2016-01-27,Fully Paid,vacation," ? 4,007 "
148," ? 22,000 ",36 months,21.99%, ? 840 ,RENT," ? 22,100 ",Not Verified,2017-03-02,Fully Paid,debt_consolidation," ? 30,824 "
149," ? 24,500 ",60 months,16.39%, ? 601 ,MORTGAGE," ? 24,600 ",Verified,2016-01-05,Fully Paid,debt_consolidation," ? 34,539 "
150," ? 19,500 ",36 months,18.05%, ? 705 ,RENT," ? 19,650 ",Source Verified,2015-03-28,Charged Off,other," ? 11,325 "
151," ? 28,500 ",36 months,25.60%," ? 1,142 ",OWN," ? 28,350 ",Source Verified,2017-04-11,Fully Paid,car," ? 41,858 "
152," ? 2,500 ",36 months,18.15%, ? 91 ,MORTGAGE," ? 2,300 ",Verified,2016-04-28,Current,debt_consolidation," ? 1,075 "
153," ? 3,000 ",36 months,19.58%, ? 111 ,OWN," ? 3,050 ",Source Verified,2015-06-07,Fully Paid,credit_card," ? 3,950 "
154," ? 18,500 ",36 months,8.27%, ? 582 ,MORTGAGE," ? 18,650 ",Source Verified,2015-08-30,Fully Paid,debt_consolidation," ? 20,841 "
155," ? 19,000 ",36 months,25.97%, ? 765 ,RENT," ? 18,900 ",Not Verified,2017-07-14,Fully Paid,major_purchase," ? 28,918 "
156," ? 21,000 ",36 months,20.19%, ? 782 ,MORTGAGE," ? 21,000 ",Not Verified,2015-11-19,Charged Off,other," ? 12,819 "
157," ? 24,000 ",36 months,8.43%, ? 757 ,RENT," ? 23,900 ",Verified,2017-10-08,Fully Paid,credit_card," ? 26,889 "
158," ? 9,000 ",36 months,7.72%, ? 281 ,RENT," ? 9,150 ",Source Verified,2017-04-18,Current,debt_consolidation," ? 6,910 "
159," ? 5,500 ",36 months,19.60%, ? 203 ,RENT," ? 5,400 ",Not Verified,2015-09-22,Fully Paid,other," ? 6,993 "
160," ? 8,500 ",36 months,12.08%, ? 283 ,RENT," ? 8,450 ",Verified,2017-11-28,Current,medical," ? 2,548 "
161," ? 18,500 ",36 months,12.06%, ? 615 ,MORTGAGE," ? 18,400 ",Source Verified,2015-11-12,Fully Paid,home_improvement," ? 23,030 "
162," ? 22,500 ",60 months,17.27%, ? 562 ,MORTGAGE," ? 22,300 ",Verified,2016-06-26,Charged Off,small_business," ? 12,373 "
163," ? 2,500 ",36 months,18.54%, ? 91 ,RENT," ? 2,500 ",Source Verified,2017-04-11,Fully Paid,debt_consolidation," ? 3,134 "
164," ? 29,000 ",36 months,15.29%," ? 1,009 ",RENT," ? 28,900 ",Verified,2016-10-15,Charged Off,vacation," ? 21,446 "
165," ? 9,000 ",60 months,16.30%, ? 220 ,RENT," ? 8,950 ",Source Verified,2016-07-01,Fully Paid,debt_consolidation," ? 12,624 "
166," ? 25,500 ",60 months,14.36%, ? 598 ,OWN," ? 25,400 ",Not Verified,2016-10-02,Fully Paid,debt_consolidation," ? 37,666 "
167," ? 30,500 ",36 months,12.17%," ? 1,016 ",RENT," ? 30,600 ",Source Verified,2016-05-08,Fully Paid,debt_consolidation," ? 34,915 "
168," ? 32,500 ",36 months,22.86%," ? 1,256 ",MORTGAGE," ? 32,500 ",Source Verified,2015-08-09,Fully Paid,moving," ? 46,234 "
169," ? 26,500 ",36 months,14.01%, ? 906 ,MORTGAGE," ? 26,450 ",Source Verified,2016-08-14,Fully Paid,credit_card," ? 33,472 "
170," ? 18,500 ",60 months,18.46%, ? 474 ,MORTGAGE," ? 18,400 ",Not Verified,2017-03-17,Fully Paid,other," ? 28,630 "
171," ? 24,000 ",60 months,9.98%, ? 510 ,MORTGAGE," ? 23,800 ",Verified,2015-10-08,Charged Off,car," ? 12,469 "
172," ? 10,500 ",36 months,16.31%, ? 371 ,RENT," ? 10,550 ",Verified,2016-09-04,Fully Paid,credit_card," ? 13,360 "
173," ? 32,000 ",60 months,12.00%, ? 712 ,MORTGAGE," ? 32,050 ",Verified,2015-08-13,Current,credit_card," ? 24,688 "
174," ? 2,500 ",36 months,11.31%, ? 82 ,MORTGAGE," ? 2,450 ",Not Verified,2017-09-10,Fully Paid,home_improvement," ? 2,995 "
175," ? 25,000 ",36 months,19.61%, ? 924 ,RENT," ? 24,850 ",Verified,2017-06-22,Fully Paid,debt_consolidation," ? 33,902 "
176," ? 27,000 ",36 months,18.23%, ? 979 ,MORTGAGE," ? 26,800 ",Not Verified,2017-11-28,Fully Paid,debt_consolidation," ? 35,824 "
177," ? 34,500 ",36 months,25.13%," ? 1,374 ",MORTGAGE," ? 34,550 ",Source Verified,2016-06-25,Charged Off,debt_consolidation," ? 14,771 "
178," ? 20,000 ",36 months,25.46%, ? 800 ,RENT," ? 20,000 ",Not Verified,2017-09-28,Fully Paid,debt_consolidation," ? 30,052 "
179," ? 18,500 ",36 months,17.47%, ? 664 ,MORTGAGE," ? 18,600 ",Not Verified,2015-10-27,Fully Paid,debt_consolidation," ? 24,413 "
180," ? 23,000 ",60 months,19.12%, ? 598 ,MORTGAGE," ? 22,950 ",Verified,2016-07-09,Current,major_purchase," ? 6,545 "
181," ? 16,000 ",36 months,19.40%, ? 590 ,MORTGAGE," ? 15,950 ",Verified,2017-04-26,Fully Paid,credit_card," ? 21,615 "
182," ? 9,500 ",36 months,17.01%, ? 339 ,OWN," ? 9,600 ",Source Verified,2017-09-01,Fully Paid,debt_consolidation," ? 12,761 "
183," ? 21,500 ",36 months,7.18%, ? 666 ,MORTGAGE," ? 21,450 ",Source Verified,2015-03-18,Current,debt_consolidation," ? 15,081 "
184," ? 12,000 ",60 months,6.73%, ? 236 ,MORTGAGE," ? 12,150 ",Verified,2016-08-15,Current,debt_consolidation," ? 6,244 "
185," ? 7,500 ",60 months,12.70%, ? 170 ,MORTGAGE," ? 7,650 ",Not Verified,2015-10-02,Current,debt_consolidation," ? 2,194 "
186," ? 8,000 ",36 months,20.62%, ? 300 ,MORTGAGE," ? 7,900 ",Verified,2016-11-21,Current,credit_card," ? 5,984 "
187," ? 12,000 ",36 months,18.77%, ? 438 ,RENT," ? 12,100 ",Source Verified,2015-06-27,Fully Paid,debt_consolidation," ? 16,546 "
188," ? 31,500 ",36 months,10.96%," ? 1,031 ",RENT," ? 31,450 ",Source Verified,2016-06-30,Current,debt_consolidation," ? 19,804 "
189," ? 1,500 ",36 months,13.19%, ? 51 ,RENT," ? 1,350 ",Source Verified,2015-11-24,Fully Paid,credit_card," ? 1,897 "
190," ? 20,500 ",36 months,18.77%, ? 749 ,OWN," ? 20,550 ",Source Verified,2016-03-24,Current,credit_card," ? 10,058 "
191," ? 24,500 ",36 months,16.98%, ? 873 ,MORTGAGE," ? 24,450 ",Not Verified,2015-06-17,Fully Paid,credit_card," ? 31,002 "
192," ? 8,000 ",36 months,16.95%, ? 285 ,MORTGAGE," ? 7,900 ",Verified,2017-12-01,Fully Paid,major_purchase," ? 10,483 "
193," ? 32,000 ",36 months,16.21%," ? 1,128 ",MORTGAGE," ? 32,150 ",Verified,2017-04-30,Fully Paid,debt_consolidation," ? 40,468 "
194," ? 20,500 ",60 months,13.92%, ? 476 ,MORTGAGE," ? 20,450 ",Source Verified,2015-04-03,Fully Paid,major_purchase," ? 28,687 "
195," ? 4,500 ",60 months,7.38%, ? 90 ,OWN," ? 4,300 ",Verified,2016-01-04,Current,small_business," ? 3,706 "
196," ? 27,500 ",36 months,23.83%," ? 1,076 ",RENT," ? 27,600 ",Source Verified,2015-09-30,Charged Off,debt_consolidation," ? 10,517 "
197," ? 26,000 ",36 months,20.56%, ? 974 ,RENT," ? 25,800 ",Not Verified,2016-09-03,Fully Paid,major_purchase," ? 34,787 "
198," ? 25,000 ",60 months,10.95%, ? 543 ,RENT," ? 25,000 ",Verified,2015-08-20,Fully Paid,home_improvement," ? 32,951 "
199," ? 2,000 ",36 months,7.35%, ? 62 ,MORTGAGE," ? 2,150 ",Source Verified,2015-04-10,Fully Paid,debt_consolidation," ? 2,221 "
200," ? 14,500 ",60 months,21.52%, ? 397 ,RENT," ? 14,500 ",Verified,2016-10-15,Fully Paid,small_business," ? 24,549 "
201," ? 16,000 ",36 months,8.87%, ? 508 ,MORTGAGE," ? 15,950 ",Source Verified,2016-07-17,Fully Paid,other," ? 18,976 "
202," ? 12,000 ",36 months,14.54%, ? 413 ,MORTGAGE," ? 12,050 ",Not Verified,2017-02-19,Current,debt_consolidation," ? 5,204 "
203," ? 10,500 ",36 months,9.68%, ? 337 ,MORTGAGE," ? 10,450 ",Not Verified,2016-09-07,Current,debt_consolidation," ? 4,587 "
204," ? 4,500 ",36 months,25.36%, ? 180 ,MORTGAGE," ? 4,400 ",Source Verified,2016-06-06,Fully Paid,home_improvement," ? 6,745 "
205," ? 24,500 ",36 months,20.49%, ? 917 ,RENT," ? 24,500 ",Source Verified,2015-03-22,Current,debt_consolidation," ? 18,381 "
206," ? 14,500 ",36 months,23.39%, ? 564 ,RENT," ? 14,300 ",Verified,2016-01-25,Current,debt_consolidation," ? 14,214 "
207," ? 31,500 ",60 months,19.91%, ? 833 ,MORTGAGE," ? 31,600 ",Not Verified,2016-10-20,Current,debt_consolidation," ? 21,001 "
208," ? 23,500 ",36 months,13.19%, ? 794 ,OWN," ? 23,650 ",Verified,2017-08-19,Current,debt_consolidation," ? 6,342 "
209," ? 21,000 ",36 months,17.25%, ? 751 ,RENT," ? 20,900 ",Verified,2017-05-05,Fully Paid,debt_consolidation," ? 26,317 "
210," ? 16,500 ",36 months,19.09%, ? 606 ,MORTGAGE," ? 16,500 ",Not Verified,2017-09-27,Current,home_improvement," ? 8,597 "
211," ? 11,500 ",60 months,13.04%, ? 262 ,RENT," ? 11,650 ",Verified,2015-05-01,Fully Paid,medical," ? 15,045 "
212," ? 4,000 ",60 months,14.25%, ? 94 ,MORTGAGE," ? 3,950 ",Verified,2015-11-06,Fully Paid,credit_card," ? 5,544 "
213," ? 31,500 ",36 months,6.31%, ? 963 ,MORTGAGE," ? 31,600 ",Verified,2017-12-20,Charged Off,credit_card," ? 10,906 "
214," ? 33,000 ",60 months,19.48%, ? 865 ,MORTGAGE," ? 32,900 ",Verified,2015-07-17,Fully Paid,debt_consolidation," ? 52,508 "
215," ? 17,000 ",60 months,11.35%, ? 373 ,RENT," ? 17,050 ",Not Verified,2017-07-29,Fully Paid,other," ? 21,743 "
216," ? 6,000 ",36 months,23.16%, ? 233 ,MORTGAGE," ? 5,850 ",Source Verified,2017-02-11,Fully Paid,debt_consolidation," ? 7,968 "
217," ? 11,500 ",36 months,22.91%, ? 445 ,MORTGAGE," ? 11,550 ",Source Verified,2015-07-15,Current,other," ? 3,807 "
218," ? 31,000 ",36 months,24.48%," ? 1,224 ",MORTGAGE," ? 31,000 ",Not Verified,2015-03-09,Fully Paid,medical," ? 41,931 "
219," ? 14,000 ",36 months,21.05%, ? 528 ,MORTGAGE," ? 14,100 ",Not Verified,2016-09-04,Fully Paid,debt_consolidation," ? 19,637 "
220," ? 25,500 ",36 months,16.81%, ? 907 ,RENT," ? 25,400 ",Not Verified,2015-06-10,Fully Paid,other," ? 31,186 "
221," ? 28,500 ",36 months,7.52%, ? 887 ,MORTGAGE," ? 28,600 ",Not Verified,2016-10-30,Fully Paid,debt_consolidation," ? 33,497 "
222," ? 32,000 ",36 months,17.06%," ? 1,142 ",RENT," ? 31,900 ",Source Verified,2017-02-17,Fully Paid,home_improvement," ? 42,331 "
223," ? 5,500 ",36 months,9.08%, ? 175 ,MORTGAGE," ? 5,400 ",Not Verified,2016-10-10,Fully Paid,debt_consolidation," ? 6,583 "
224," ? 29,000 ",36 months,11.40%, ? 955 ,RENT," ? 28,900 ",Source Verified,2017-11-15,Fully Paid,debt_consolidation," ? 33,875 "
225," ? 6,500 ",36 months,21.69%, ? 247 ,MORTGAGE," ? 6,300 ",Verified,2017-03-05,Current,major_purchase," ? 3,878 "
226," ? 16,500 ",36 months,9.39%, ? 528 ,RENT," ? 16,400 ",Verified,2016-07-03,Fully Paid,debt_consolidation," ? 18,873 "
227," ? 27,500 ",36 months,21.65%," ? 1,045 ",RENT," ? 27,450 ",Not Verified,2017-10-12,Fully Paid,debt_consolidation," ? 36,150 "
228," ? 20,000 ",36 months,13.91%, ? 683 ,MORTGAGE," ? 20,100 ",Not Verified,2016-11-05,Fully Paid,debt_consolidation," ? 25,372 "
229," ? 9,500 ",36 months,18.06%, ? 344 ,MORTGAGE," ? 9,650 ",Verified,2017-03-26,Current,debt_consolidation," ? 6,397 "
230," ? 32,000 ",60 months,21.64%, ? 877 ,RENT," ? 32,000 ",Not Verified,2017-03-15,Fully Paid,other," ? 51,056 "
231," ? 12,500 ",36 months,17.00%, ? 446 ,OWN," ? 12,650 ",Not Verified,2016-03-05,Fully Paid,debt_consolidation," ? 16,353 "
232," ? 27,000 ",36 months,8.78%, ? 856 ,RENT," ? 27,000 ",Source Verified,2017-05-16,Current,debt_consolidation," ? 21,395 "
233," ? 31,500 ",36 months,16.69%," ? 1,118 ",OWN," ? 31,600 ",Source Verified,2017-01-06,Charged Off,car," ? 17,613 "
234," ? 6,000 ",36 months,10.96%, ? 196 ,MORTGAGE," ? 5,900 ",Source Verified,2015-04-01,Fully Paid,home_improvement," ? 7,171 "
235," ? 22,000 ",60 months,14.61%, ? 519 ,RENT," ? 22,000 ",Verified,2017-11-28,Fully Paid,major_purchase," ? 30,265 "
236," ? 24,500 ",36 months,21.45%, ? 929 ,MORTGAGE," ? 24,400 ",Verified,2015-02-20,Fully Paid,debt_consolidation," ? 34,840 "
237," ? 6,000 ",36 months,24.81%, ? 238 ,RENT," ? 6,000 ",Verified,2016-02-28,Fully Paid,debt_consolidation," ? 8,222 "
238," ? 29,500 ",36 months,12.01%, ? 980 ,MORTGAGE," ? 29,350 ",Verified,2016-12-03,Charged Off,home_improvement," ? 9,375 "
239," ? 16,500 ",36 months,17.04%, ? 589 ,RENT," ? 16,600 ",Not Verified,2016-04-19,Current,home_improvement," ? 4,489 "
240," ? 28,500 ",36 months,20.75%," ? 1,070 ",OWN," ? 28,650 ",Source Verified,2017-03-07,Fully Paid,debt_consolidation," ? 37,669 "
241," ? 5,000 ",36 months,21.99%, ? 191 ,MORTGAGE," ? 5,050 ",Verified,2017-07-26,Fully Paid,home_improvement," ? 6,866 "
242," ? 21,000 ",36 months,18.23%, ? 762 ,MORTGAGE," ? 21,050 ",Source Verified,2017-07-26,Charged Off,car," ? 13,227 "
243," ? 20,000 ",60 months,17.80%, ? 506 ,MORTGAGE," ? 20,050 ",Verified,2016-09-17,Fully Paid,debt_consolidation," ? 29,254 "
244," ? 25,500 ",36 months,8.76%, ? 808 ,RENT," ? 25,400 ",Source Verified,2015-12-21,Fully Paid,credit_card," ? 28,043 "
245," ? 21,000 ",60 months,18.39%, ? 538 ,MORTGAGE," ? 20,800 ",Source Verified,2016-02-04,Current,other," ? 13,011 "
246," ? 32,500 ",36 months,15.83%," ? 1,140 ",MORTGAGE," ? 32,650 ",Source Verified,2015-06-19,Fully Paid,car," ? 39,889 "
247," ? 3,000 ",36 months,16.75%, ? 107 ,RENT," ? 3,150 ",Source Verified,2017-10-11,Fully Paid,debt_consolidation," ? 3,689 "
248," ? 24,000 ",36 months,21.14%, ? 906 ,MORTGAGE," ? 24,150 ",Source Verified,2017-05-20,Fully Paid,medical," ? 33,433 "
249," ? 20,000 ",60 months,6.64%, ? 393 ,RENT," ? 19,850 ",Source Verified,2015-08-29,Current,debt_consolidation," ? 13,815 "
250," ? 23,000 ",60 months,18.21%, ? 587 ,RENT," ? 22,900 ",Not Verified,2016-02-28,Current,credit_card," ? 14,762 "
